Workbook

Sheet Executive Summary
B2: Agrivive Decision Support System — AHP-TOPSIS Engine
B3: Davao City Marketable Surplus Vegetable Ranking Simulation & Verification Model
B5: Active Produce Batches 6 Items | E5: Evaluated Criteria 4 Criteria | H5: Consistency Ratio (CR) 0.000% (Pass) | K5: Priority Boost Cutoff Ci* >= 0.600
B8: Summary of Live Produce Rankings in Marketplace Feed
B9: Rank | C9: Listing Code | D9: Produce & Variety | E9: Market Location | F9: Remaining Stock | G9: Publication Age | H9: Closeness (Ci*) | I9: Marketplace Tier | J9: Platform Promotion Action
B10: ='TOPSIS Engine'!AD7 | C10: ='TOPSIS Engine'!B7 | D10: ='TOPSIS Engine'!C7 | E10: ='TOPSIS Engine'!D7 | F10: ='TOPSIS Engine'!F7 & " kg / " & 'TOPSIS Engine'!G7 & " kg" | G10: ='TOPSIS Engine'!E7 & " hrs ago" | H10: ='TOPSIS Engine'!AA7 | I10: ='TOPSIS Engine'!AB7 | J10: ='TOPSIS Engine'!AC7
B11: ='TOPSIS Engine'!AD8 | C11: ='TOPSIS Engine'!B8 | D11: ='TOPSIS Engine'!C8 | E11: ='TOPSIS Engine'!D8 | F11: ='TOPSIS Engine'!F8 & " kg / " & 'TOPSIS Engine'!G8 & " kg" | G11: ='TOPSIS Engine'!E8 & " hrs ago" | H11: ='TOPSIS Engine'!AA8 | I11: ='TOPSIS Engine'!AB8 | J11: ='TOPSIS Engine'!AC8
B12: ='TOPSIS Engine'!AD9 | C12: ='TOPSIS Engine'!B9 | D12: ='TOPSIS Engine'!C9 | E12: ='TOPSIS Engine'!D9 | F12: ='TOPSIS Engine'!F9 & " kg / " & 'TOPSIS Engine'!G9 & " kg" | G12: ='TOPSIS Engine'!E9 & " hrs ago" | H12: ='TOPSIS Engine'!AA9 | I12: ='TOPSIS Engine'!AB9 | J12: ='TOPSIS Engine'!AC9
B13: ='TOPSIS Engine'!AD10 | C13: ='TOPSIS Engine'!B10 | D13: ='TOPSIS Engine'!C10 | E13: ='TOPSIS Engine'!D10 | F13: ='TOPSIS Engine'!F10 & " kg / " & 'TOPSIS Engine'!G10 & " kg" | G13: ='TOPSIS Engine'!E10 & " hrs ago" | H13: ='TOPSIS Engine'!AA10 | I13: ='TOPSIS Engine'!AB10 | J13: ='TOPSIS Engine'!AC10
B14: ='TOPSIS Engine'!AD11 | C14: ='TOPSIS Engine'!B11 | D14: ='TOPSIS Engine'!C11 | E14: ='TOPSIS Engine'!D11 | F14: ='TOPSIS Engine'!F11 & " kg / " & 'TOPSIS Engine'!G11 & " kg" | G14: ='TOPSIS Engine'!E11 & " hrs ago" | H14: ='TOPSIS Engine'!AA11 | I14: ='TOPSIS Engine'!AB11 | J14: ='TOPSIS Engine'!AC11
B15: ='TOPSIS Engine'!AD12 | C15: ='TOPSIS Engine'!B12 | D15: ='TOPSIS Engine'!C12 | E15: ='TOPSIS Engine'!D12 | F15: ='TOPSIS Engine'!F12 & " kg / " & 'TOPSIS Engine'!G12 & " kg" | G15: ='TOPSIS Engine'!E12 & " hrs ago" | H15: ='TOPSIS Engine'!AA12 | I15: ='TOPSIS Engine'!AB12 | J15: ='TOPSIS Engine'!AC12
B17: Algorithm & Threshold Notes:
B18: 1. Priority Boost (Ci* >= 0.60): Produce is pushed to top of feed with priority banner; qualifies for 1-tap n8n automated social posting.
B19: 2. Standard Exposure (0.40 <= Ci* < 0.60): Standard catalog discovery in search and categories.
B20: 3. Basic / Hold (Ci* < 0.40): Retained in catalog; deprioritized until updated by seller or price reduced.
B21: 4. All calculations update dynamically when data on the 'TOPSIS Engine' or 'AHP Weight Matrix' sheets change.

Sheet AHP Weight Matrix
B2: Phase 1: Analytic Hierarchy Process (AHP) Weight Derivation
B3: Pairwise Comparison Matrix (A = [a_jk]), Geometric Means, and Consistency Ratio (CR) Check
B5: Pairwise Comparison Matrix (Saaty 1–9 Fundamental Scale)
B6: Criteria | C6: C1: Freshness | D6: C2: Stock Qty | E6: C3: Seller Trust | F6: C4: Recurrence | G6: Geometric Mean | H6: Normalized Weight (w) | I6: Weighted Sum (s) | J6: Eigenvalue Ratio (λ)
B7: C1: Freshness (12h Decay) | C7: 1 | D7: 1.333333 | E7: 2 | F7: 4 | G7: =POWER(C7*D7*E7*F7, 1/4) | H7: =G7/$G$11 | I7: =C7*$H$7 + D7*$H$8 + E7*$H$9 + F7*$H$10 | J7: =I7/H7
B8: C2: Stock Availability (Ratio) | C8: 0.75 | D8: 1 | E8: 1.5 | F8: 3 | G8: =POWER(C8*D8*E8*F8, 1/4) | H8: =G8/$G$11 | I8: =C8*$H$7 + D8*$H$8 + E8*$H$9 + F8*$H$10 | J8: =I8/H8
B9: C3: Seller Reliability (Stars) | C9: 0.5 | D9: 0.666667 | E9: 1 | F9: 2 | G9: =POWER(C9*D9*E9*F9, 1/4) | H9: =G9/$G$11 | I9: =C9*$H$7 + D9*$H$8 + E9*$H$9 + F9*$H$10 | J9: =I9/H9
B10: C4: Recurrence (Prior Cycles) | C10: 0.25 | D10: 0.333333 | E10: 0.5 | F10: 1 | G10: =POWER(C10*D10*E10*F10, 1/4) | H10: =G10/$G$11 | I10: =C10*$H$7 + D10*$H$8 + E10*$H$9 + F10*$H$10 | J10: =I10/H10
B11: Sum Total | G11: =SUM(G7:G10) | H11: =SUM(H7:H10)
B13: Mathematical Consistency Verification (Saaty Method)
B14: Principal Eigenvalue (λmax) | C14: =AVERAGE(J7:J10) | D14: Must equal or exceed m=4
B15: Matrix Dimension (m) | C15: 4 | D15: Four evaluated criteria
B16: Consistency Index (CI = [λmax - m] / [m - 1]) | C16: =(C14-C15)/(C15-1) | D16: Degree of logical deviation
B17: Random Index (RI for m=4) | C17: 0.90 | D17: Saaty empirical random benchmark
B18: Consistency Ratio (CR = CI / RI) | C18: =C16/C17 | D18: Must be < 10% (0.10) to be valid
B19: Matrix Consistency Status | C19: =IF(C18<=0.1, "PASSED (CR < 0.10 — Completely Valid & Transitive)", "FAILED (Re-evaluate judgments)") | D19: Verification check

Sheet TOPSIS Engine
B2: Phase 2: TOPSIS Ranking and Closeness Computation
B3: Step-by-step vector normalization, ideal separation distances, and relative closeness (Ci*) computation
B5: 1. Raw Listing Input Data (Candidate Produce Pool)
B6: Item ID | C6: Listing Code | D6: Market Location | E6: Age (hrs) | F6: Current Qty (kg) | G6: Original Qty (kg) | H6: Seller Stars (1-5) | I6: Prior Cycles | K6: x_i1: Freshness | L6: x_i2: Stock Ratio | M6: x_i3: Seller Trust | N6: x_i4: Recurrence | P6: r_i1 (Fresh) | Q6: r_i2 (Stock) | R6: r_i3 (Trust) | S6: r_i4 (Recurr) | U6: v_i1 (w=40%) | V6: v_i2 (w=30%) | W6: v_i3 (w=20%) | X6: v_i4 (w=10%) | Y6: Dist Ideal (D+) | Z6: Dist Worst (D-) | AA6: Closeness (Ci*) | AB6: Visibility Tier | AC6: System Action | AD6: Feed Rank
B7: A1 | C7: Kamatis (Tomatoes) | D7: Bankerohan Stall #12 | E7: 0.5 | F7: 50 | G7: 50 | H7: 4.8 | I7: 3 | K7: =MAX(0, MIN(1, 1 - E7/12)) | L7: =MAX(0, MIN(1, F7/G7)) | M7: =IF(ISNUMBER(H7), MAX(0, MIN(1, H7/5)), 0.5) | N7: =MAX(0, MIN(1, I7/3)) | P7: =K7/$K$13 | Q7: =L7/$L$13 | R7: =M7/$M$13 | S7: =N7/$N$13 | U7: =P7*'AHP Weight Matrix'!$H$7 | V7: =Q7*'AHP Weight Matrix'!$H$8 | W7: =R7*'AHP Weight Matrix'!$H$9 | X7: =S7*'AHP Weight Matrix'!$H$10 | Y7: =SQRT((U7-$U$14)^2 + (V7-$V$14)^2 + (W7-$W$14)^2 + (X7-$X$14)^2) | Z7: =SQRT((U7-$U$15)^2 + (V7-$V$15)^2 + (W7-$W$15)^2 + (X7-$X$15)^2) | AA7: =Z7/(Y7+Z7) | AB7: =IF(AA7>=0.6, "Priority Boost", IF(AA7>=0.4, "Standard Exposure", "Basic / Hold")) | AC7: =IF(AB7="Priority Boost", "Top feed pin & n8n Social Boost", IF(AB7="Standard Exposure", "Organic search & category browse", "Deprioritized / Seller price cut")) | AD7: =RANK(AA7, $AA$7:$AA$12)
B8: A2 | C8: Repolyo (Cabbage) | D8: Agdao Stall #08 | E8: 2 | F8: 80 | G8: 100 | H8: 4.2 | I8: 2 | K8: =MAX(0, MIN(1, 1 - E8/12)) | L8: =MAX(0, MIN(1, F8/G8)) | M8: =IF(ISNUMBER(H8), MAX(0, MIN(1, H8/5)), 0.5) | N8: =MAX(0, MIN(1, I8/3)) | P8: =K8/$K$13 | Q8: =L8/$L$13 | R8: =M8/$M$13 | S8: =N8/$N$13 | U8: =P8*'AHP Weight Matrix'!$H$7 | V8: =Q8*'AHP Weight Matrix'!$H$8 | W8: =R8*'AHP Weight Matrix'!$H$9 | X8: =S8*'AHP Weight Matrix'!$H$10 | Y8: =SQRT((U8-$U$14)^2 + (V8-$V$14)^2 + (W8-$W$14)^2 + (X8-$X$14)^2) | Z8: =SQRT((U8-$U$15)^2 + (V8-$V$15)^2 + (W8-$W$15)^2 + (X8-$X$15)^2) | AA8: =Z8/(Y8+Z8) | AB8: =IF(AA8>=0.6, "Priority Boost", IF(AA8>=0.4, "Standard Exposure", "Basic / Hold")) | AC8: =IF(AB8="Priority Boost", "Top feed pin & n8n Social Boost", IF(AB8="Standard Exposure", "Organic search & category browse", "Deprioritized / Seller price cut")) | AD8: =RANK(AA8, $AA$7:$AA$12)
B9: A3 | C9: Sitaw (String Beans) | D9: DFTC Bulk #03 | E9: 1 | F9: 20 | G9: 20 | H9: NEW (Cold-Start) | I9: 0 | K9: =MAX(0, MIN(1, 1 - E9/12)) | L9: =MAX(0, MIN(1, F9/G9)) | M9: =IF(ISNUMBER(H9), MAX(0, MIN(1, H9/5)), 0.5) | N9: =MAX(0, MIN(1, I9/3)) | P9: =K9/$K$13 | Q9: =L9/$L$13 | R9: =M9/$M$13 | S9: =N9/$N$13 | U9: =P9*'AHP Weight Matrix'!$H$7 | V9: =Q9*'AHP Weight Matrix'!$H$8 | W9: =R9*'AHP Weight Matrix'!$H$9 | X9: =S9*'AHP Weight Matrix'!$H$10 | Y9: =SQRT((U9-$U$14)^2 + (V9-$V$14)^2 + (W9-$W$14)^2 + (X9-$X$14)^2) | Z9: =SQRT((U9-$U$15)^2 + (V9-$V$15)^2 + (W9-$W$15)^2 + (X9-$X$15)^2) | AA9: =Z9/(Y9+Z9) | AB9: =IF(AA9>=0.6, "Priority Boost", IF(AA9>=0.4, "Standard Exposure", "Basic / Hold")) | AC9: =IF(AB9="Priority Boost", "Top feed pin & n8n Social Boost", IF(AB9="Standard Exposure", "Organic search & category browse", "Deprioritized / Seller price cut")) | AD9: =RANK(AA9, $AA$7:$AA$12)
B10: A4 | C10: Talong (Eggplant) | D10: Bankerohan Stall #45 | E10: 5 | F10: 15 | G10: 30 | H10: 4 | I10: 1 | K10: =MAX(0, MIN(1, 1 - E10/12)) | L10: =MAX(0, MIN(1, F10/G10)) | M10: =IF(ISNUMBER(H10), MAX(0, MIN(1, H10/5)), 0.5) | N10: =MAX(0, MIN(1, I10/3)) | P10: =K10/$K$13 | Q10: =L10/$L$13 | R10: =M10/$M$13 | S10: =N10/$N$13 | U10: =P10*'AHP Weight Matrix'!$H$7 | V10: =Q10*'AHP Weight Matrix'!$H$8 | W10: =R10*'AHP Weight Matrix'!$H$9 | X10: =S10*'AHP Weight Matrix'!$H$10 | Y10: =SQRT((U10-$U$14)^2 + (V10-$V$14)^2 + (W10-$W$14)^2 + (X10-$X$14)^2) | Z10: =SQRT((U10-$U$15)^2 + (V10-$V$15)^2 + (W10-$W$15)^2 + (X10-$X$15)^2) | AA10: =Z10/(Y10+Z10) | AB10: =IF(AA10>=0.6, "Priority Boost", IF(AA10>=0.4, "Standard Exposure", "Basic / Hold")) | AC10: =IF(AB10="Priority Boost", "Top feed pin & n8n Social Boost", IF(AB10="Standard Exposure", "Organic search & category browse", "Deprioritized / Seller price cut")) | AD10: =RANK(AA10, $AA$7:$AA$12)
B11: A5 | C11: Pechay (Native) | D11: Bankerohan Stall #04 | E11: 8 | F11: 8 | G11: 25 | H11: 3.5 | I11: 3 | K11: =MAX(0, MIN(1, 1 - E11/12)) | L11: =MAX(0, MIN(1, F11/G11)) | M11: =IF(ISNUMBER(H11), MAX(0, MIN(1, H11/5)), 0.5) | N11: =MAX(0, MIN(1, I11/3)) | P11: =K11/$K$13 | Q11: =L11/$L$13 | R11: =M11/$M$13 | S11: =N11/$N$13 | U11: =P11*'AHP Weight Matrix'!$H$7 | V11: =Q11*'AHP Weight Matrix'!$H$8 | W11: =R11*'AHP Weight Matrix'!$H$9 | X11: =S11*'AHP Weight Matrix'!$H$10 | Y11: =SQRT((U11-$U$14)^2 + (V11-$V$14)^2 + (W11-$W$14)^2 + (X11-$X$14)^2) | Z11: =SQRT((U11-$U$15)^2 + (V11-$V$15)^2 + (W11-$W$15)^2 + (X11-$X$15)^2) | AA11: =Z11/(Y11+Z11) | AB11: =IF(AA11>=0.6, "Priority Boost", IF(AA11>=0.4, "Standard Exposure", "Basic / Hold")) | AC11: =IF(AB11="Priority Boost", "Top feed pin & n8n Social Boost", IF(AB11="Standard Exposure", "Organic search & category browse", "Deprioritized / Seller price cut")) | AD11: =RANK(AA11, $AA$7:$AA$12)
B12: A6 | C12: Kalabasa (Squash) | D12: Agdao Stall #19 | E12: 11 | F12: 3 | G12: 40 | H12: 3 | I12: 1 | K12: =MAX(0, MIN(1, 1 - E12/12)) | L12: =MAX(0, MIN(1, F12/G12)) | M12: =IF(ISNUMBER(H12), MAX(0, MIN(1, H12/5)), 0.5) | N12: =MAX(0, MIN(1, I12/3)) | P12: =K12/$K$13 | Q12: =L12/$L$13 | R12: =M12/$M$13 | S12: =N12/$N$13 | U12: =P12*'AHP Weight Matrix'!$H$7 | V12: =Q12*'AHP Weight Matrix'!$H$8 | W12: =R12*'AHP Weight Matrix'!$H$9 | X12: =S12*'AHP Weight Matrix'!$H$10 | Y12: =SQRT((U12-$U$14)^2 + (V12-$V$14)^2 + (W12-$W$14)^2 + (X12-$X$14)^2) | Z12: =SQRT((U12-$U$15)^2 + (V12-$V$15)^2 + (W12-$W$15)^2 + (X12-$X$15)^2) | AA12: =Z12/(Y12+Z12) | AB12: =IF(AA12>=0.6, "Priority Boost", IF(AA12>=0.4, "Standard Exposure", "Basic / Hold")) | AC12: =IF(AB12="Priority Boost", "Top feed pin & n8n Social Boost", IF(AB12="Standard Exposure", "Organic search & category browse", "Deprioritized / Seller price cut")) | AD12: =RANK(AA12, $AA$7:$AA$12)
J13: Vector Length √(Σ x²) | K13: =SQRT(SUMSQ(K7:K12)) | L13: =SQRT(SUMSQ(L7:L12)) | M13: =SQRT(SUMSQ(M7:M12)) | N13: =SQRT(SUMSQ(N7:N12))
T14: Positive Ideal (A+) | U14: =MAX(U7:U12) | V14: =MAX(V7:V12) | W14: =MAX(W7:W12) | X14: =MAX(X7:X12)
T15: Negative Ideal (A-) | U15: =MIN(U7:U12) | V15: =MIN(V7:V12) | W15: =MIN(W7:W12) | X15: =MIN(X7:X12)

Sheet Interactive Produce Simulator
B2: Interactive Surplus Vegetable Ranking Simulator
B3: Input any custom vegetable listing parameters below to test the instant AHP-TOPSIS score and tier
B5: Step 1: Enter Vegetable Listing Details
B6: Produce Name & Variety | C6: Sweet Corn (Mais) | D6: Text description of agricultural crop
B7: Market Stall / Location | C7: DFTC Wholesale Bay #07 | D7: Davao City trading center location
B8: Hours Elapsed Since Harvest / Listing | C8: 1.5 | D8: Age in hours (0 to 12 hr decay window)
B9: Current Remaining Quantity (kg) | C9: 45 | D9: Available unreserved stock in stall
B10: Initial Declared Quantity (kg) | C10: 50 | D10: Total starting surplus batch volume
B11: Seller Star Rating (1.0 to 5.0) | C11: 4.5 | D11: Leave empty for new seller cold-start (0.50 default)
B12: Completed Prior Replenishment Cycles | C12: 2 | D12: Historical cycles for same crop (0 to 3+)
B14: Step 2: Instant Computed Criteria & Multi-Criteria Score
B15: x1: Normalized Freshness Score | C15: =MAX(0, MIN(1, 1 - C8/12)) | D15: 0.0000 (12-hour linear decay)
B16: x2: Normalized Stock Ratio | C16: =MAX(0, MIN(1, C9/C10)) | D16: 0.0000 (Remaining / Original)
B17: x3: Normalized Seller Reliability | C17: =IF(ISNUMBER(C11), MAX(0, MIN(1, C11/5)), 0.5) | D17: 0.0000 (Rating/5 or 0.50 baseline)
B18: x4: Normalized Surplus Recurrence | C18: =MAX(0, MIN(1, C12/3)) | D18: 0.0000 (Cycles / 3-cycle cap)
B19: Weighted Freshness Contribution (40%) | C19: =C15*'AHP Weight Matrix'!$H$7 | D19: AHP Weight w1 = 40%
B20: Weighted Stock Contribution (30%) | C20: =C16*'AHP Weight Matrix'!$H$8 | D20: AHP Weight w2 = 30%
B21: Weighted Trust Contribution (20%) | C21: =C17*'AHP Weight Matrix'!$H$9 | D21: AHP Weight w3 = 20%
B22: Weighted Recurrence Contribution (10%) | C22: =C18*'AHP Weight Matrix'!$H$10 | D22: AHP Weight w4 = 10%
B23: Combined Multi-Criteria Closeness (Ci*) | C23: =(C19+C20+C21+C22) | D23: Normalized composite priority score
B24: Assigned Visibility Exposure Tier | C24: =IF(C23>=0.6, "Priority Boost (Top of Feed)", IF(C23>=0.4, "Standard Exposure", "Basic / Hold")) | D24: Marketplace exposure classification
B25: Automated Marketing Action | C25: =IF(C23>=0.6, "Qualifies for automated n8n Facebook/Instagram dispatches & buyer alerts", "Standard catalog organic discovery only") | D25: System promotional impact
